- name: Amelia
  metaname: amelia
  url: "/amelia/"
- name: Bastia Umbra
  metaname: bastiaumbra
  url: "/bastiaumbra/"
- name: Castiglione del Lago
  metaname: castiglionedellago
  url: "/castiglionedellago/"
- name: Citta di Castello
  metaname: cittadicastello
  url: "/cittadicastello/"
- name: Foligno
  metaname: foligno
  url: "/foligno/"
- name: Gubbio
  metaname: gubbio
  url: "/gubbio/"
- name: Perugia
  metaname: perugia
  url: "/perugia/"
- name: Narni
  metaname: narni
  url: "/narni/"
- name: San Giustino
  metaname: sangiustino
  url: "/sangiustino/"
- name: Terni
  metaname: terni
  url: "/terni/"
